City,Lat,Lng,Max Temp,Humidity,Cloudiness,Date,Wind Speed,Country
mar del plata,-38.0023,-57.5575,285.15,87,40,1620739065,3.6,AR
bud,39.447,-86.1758,281.48,73,100,1620739260,4.02,US
vaini,-21.2,-175.2,297.15,78,20,1620739260,4.63,TO
tilichiki,60.4667,166.1,266.13,92,85,1620739260,3.57,RU
camacari,-12.6975,-38.3242,301.15,51,20,1620739260,5.66,BR
punta arenas,-53.15,-70.9167,278.15,81,90,1620739261,6.69,CL
flinders,-34.5833,150.8552,287.59,88,8,1620739261,0.45,AU
avarua,-21.2078,-159.775,297.15,88,90,1620739261,1.03,CK
aklavik,68.2191,-135.0107,271.15,80,40,1620739261,2.57,CA
ushuaia,-54.8,-68.3,287.15,30,75,1620739262,10.8,AR
khatanga,71.9667,102.5,271.85,89,100,1620739262,3.19,RU
hermanus,-34.4187,19.2345,292.04,71,0,1620739262,2.24,ZA
atasu,48.6814,71.6433,289.35,40,52,1620739262,7.53,KZ
torbay,47.6666,-52.7314,280.93,75,90,1620739263,6.17,CA
hithadhoo,-0.6,73.0833,301.6,74,100,1620739263,6.18,MV
provideniya,64.3833,-173.3,273.96,97,100,1620739263,4.71,RU
albany,42.6001,-73.9662,284.82,40,2,1620739123,1.79,US
schwedt,53.0596,14.2815,302.59,32,42,1620739264,2.68,DE
jamestown,42.097,-79.2353,278.15,87,90,1620739033,2.06,US
butaritari,3.0707,172.7902,301.39,75,25,1620739264,7.76,KI
hobart,-42.8794,147.3294,280.93,76,75,1620739264,3.09,AU
souillac,-20.5167,57.5167,299.15,69,20,1620739265,3.6,MU
cockburn town,21.4612,-71.1419,299.4,84,15,1620739265,9.48,TC
cape town,-33.9258,18.4232,294.26,60,0,1620738778,5.14,ZA
severo-kurilsk,50.6789,156.125,274.96,77,41,1620739265,0.88,RU
rikitea,-23.1203,-134.9692,298.72,69,100,1620739265,10.83,PF
crixas,-14.5489,-49.9692,300.56,40,76,1620739266,4.06,BR
narsaq,60.9167,-46.05,279.15,45,75,1620739266,2.06,GL
kaliua,-5.0606,31.7936,296.59,76,47,1620739266,2.23,TZ
qaanaaq,77.484,-69.3632,266.29,79,100,1620739266,2.49,GL
busselton,-33.65,115.3333,291.48,89,93,1620739267,2.26,AU
mariakani,-3.8633,39.4736,303.15,58,40,1620739267,6.69,KE
turayf,31.6725,38.6637,308.15,11,40,1620739267,5.14,SA
barrow,71.2906,-156.7887,265.15,86,90,1620739268,4.63,US
turbat,26.0023,63.044,312.79,13,15,1620739268,3.0,PK
havre-saint-pierre,50.2334,-63.5986,280.15,61,90,1620739268,2.57,CA
new norfolk,-42.7826,147.0587,280.93,61,1,1620739268,1.34,AU
havelock,34.8791,-76.9013,292.04,68,90,1620739269,5.14,US
camana,-16.6228,-72.7111,291.71,84,73,1620739269,1.52,PE
la ronge,55.1001,-105.2842,282.15,43,69,1620739269,1.03,CA
kaitangata,-46.2817,169.8464,280.93,68,100,1620739269,5.36,NZ
tiksi,71.6872,128.8694,269.3,96,100,1620739270,3.61,RU
lambarene,-0.7001,10.2406,305.39,57,48,1620739270,1.76,GA
luwuk,-0.9516,122.7875,298.88,80,94,1620739270,1.7,ID
vikhorevka,56.1201,101.1636,282.15,53,92,1620739084,4.0,RU
port elizabeth,-33.918,25.5701,292.15,72,20,1620739271,8.23,ZA
lata,40.1629,-8.3327,291.48,72,98,1620739271,4.47,PT
wana,32.2989,69.5725,302.42,16,42,1620739271,2.19,PK
baruun-urt,46.6806,113.2792,280.52,50,19,1620739271,6.4,MN
makokou,0.5738,12.8642,305.28,45,100,1620739272,0.59,GA
milkovo,54.7167,158.6167,273.81,79,30,1620739272,2.33,RU
belyye berega,53.2085,34.6641,296.15,33,0,1620739272,7.0,RU
kangasala,61.4638,24.076,297.15,35,0,1620739272,6.69,FI
tessalit,20.1986,1.0114,315.32,6,3,1620739273,4.27,ML
yaonahuac,19.8667,-97.45,289.81,85,96,1620739273,0.3,MX
vermilion,40.1667,-87.7506,280.93,70,40,1620739051,4.63,US
atuona,-9.8,-139.0333,299.37,80,42,1620739120,10.06,PF
puerto escondido,15.85,-97.0667,299.15,83,40,1620739333,3.09,MX
dikson,73.5069,80.5464,273.45,85,7,1620739334,8.02,RU
tuktoyaktuk,69.4541,-133.0374,262.15,85,40,1620739334,6.17,CA
kruisfontein,-34.0033,24.7314,293.15,73,0,1620739334,3.13,ZA
hilo,19.7297,-155.09,296.15,78,75,1620739190,2.06,US
ponta do sol,32.6667,-17.1,294.15,52,20,1620739335,5.66,PT
voh,-20.9667,164.7,295.9,90,40,1620739335,2.56,NC
lompoc,34.6391,-120.4579,283.71,100,0,1620739076,1.54,US
nanortalik,60.1432,-45.2371,276.9,68,100,1620739335,1.27,GL
goderich,43.7501,-81.7165,277.15,81,98,1620739335,5.66,CA
flin flon,54.7682,-101.865,278.15,56,20,1620739336,2.06,CA
balakhta,55.38,91.6,286.23,46,62,1620739336,4.69,RU
henties bay,-22.116,14.2845,302.59,30,0,1620739336,3.58,NA
marshfield,44.6689,-90.1718,280.15,49,1,1620739337,2.06,US
coron,11.9986,120.2043,301.76,78,100,1620739337,5.0,PH
san patricio,28.017,-97.5169,300.93,94,90,1620739337,2.06,US
olafsvik,64.8945,-23.7142,276.06,62,23,1620739337,1.43,IS
kapaa,22.0752,-159.319,296.15,88,90,1620739338,6.69,US
arman,59.7,150.1667,275.1,87,73,1620739338,1.22,RU
lucea,18.451,-78.1736,302.59,74,20,1620739338,46.3,JM
qaqortoq,60.7167,-46.0333,279.15,45,75,1620739338,2.06,GL
iqaluit,63.7506,-68.5145,271.15,80,20,1620739339,2.57,CA
bluff,-46.6,168.3333,278.71,82,99,1620739192,1.34,NZ
salalah,17.0151,54.0924,304.15,74,75,1620739339,5.66,OM
samarai,-10.6167,150.6667,300.56,83,89,1620739339,3.87,PG
tete,-16.1564,33.5867,299.15,53,75,1620739340,4.63,MZ
filingue,14.3521,3.3168,315.47,13,23,1620739340,2.52,NE
amapa,1.0,-52.0,300.36,73,77,1620739340,1.11,BR
faanui,-16.4833,-151.75,301.05,74,100,1620739340,8.37,PF
espanola,35.9911,-106.0806,282.04,65,1,1620739341,2.06,US
le port,-20.9373,55.2919,300.15,74,0,1620739341,6.17,RE
abu kamal,34.4506,40.9171,307.48,9,0,1620739341,3.94,SY
faya,18.3851,42.4509,297.15,31,75,1620739341,1.03,SA
pevek,69.7008,170.3133,259.23,98,95,1620739342,0.99,RU
kaseda,31.4167,130.3167,292.15,100,75,1620739342,2.06,JP
hasaki,35.7333,140.8333,289.15,51,75,1620739342,3.09,JP
sakakah,29.9697,40.2064,311.15,7,20,1620739343,4.63,SA
lebu,-37.6167,-73.65,282.81,62,48,1620739343,2.07,CL
trairi,-3.2778,-39.2689,301.56,69,6,1620739195,4.93,BR
airai,-8.9266,125.4092,286.93,85,7,1620739343,1.42,TL
paamiut,61.994,-49.6678,275.26,66,100,1620739343,3.57,GL
ilulissat,69.2167,-51.1,275.15,75,90,1620739344,3.09,GL
ampanihy,-24.7,44.75,298.82,41,22,1620739344,5.9,MG
korla,41.7597,86.1469,297.33,26,65,1620739344,12.22,CN
kenora,49.8167,-94.4337,278.15,65,1,1620739344,2.06,CA
tuatapere,-46.1333,167.6833,278.71,83,63,1620739345,1.79,NZ
lorengau,-2.0226,147.2712,299.41,79,78,1620739345,1.25,PG
pontalina,-17.525,-49.4472,298.2,39,0,1620739345,4.65,BR
bredasdorp,-34.5322,20.0403,294.15,52,0,1620739346,3.6,ZA
viedma,-40.8135,-62.9967,283.16,37,0,1620739346,4.93,AR
nikolskoye,59.7035,30.7861,298.15,22,0,1620739346,7.0,RU
caravelas,-17.7125,-39.2481,298.86,43,1,1620739346,2.66,BR
ariquemes,-9.9133,-63.0408,299.05,80,25,1620739347,1.22,BR
dingle,10.9995,122.6711,300.34,78,100,1620739407,2.96,PH
vostok,46.4856,135.8833,278.1,75,81,1620739407,0.84,RU
dabola,10.75,-11.1167,311.23,25,10,1620739407,3.49,GN
upernavik,72.7868,-56.1549,268.73,78,99,1620739408,0.71,GL
atar,20.5169,-13.0499,307.15,15,0,1620739408,5.14,MR
coquimbo,-29.9533,-71.3436,284.15,100,90,1620739408,1.03,CL
esperance,-33.8667,121.9,289.15,82,100,1620739409,5.66,AU
armidale,-30.5167,151.65,280.37,93,100,1620739409,1.29,AU
kurilsk,45.2333,147.8833,274.62,97,100,1620739409,4.66,RU
bambous virieux,-20.3428,57.7575,299.26,69,20,1620739410,3.6,MU
lensk,60.7253,114.9278,275.65,98,100,1620739410,2.17,RU
villa del rosario,7.8339,-72.4742,298.15,73,75,1620739410,1.03,CO
saskylakh,71.9167,114.0833,261.54,94,100,1620739410,2.27,RU
port alfred,-33.5906,26.891,294.36,68,0,1620739411,6.76,ZA
santona,43.4439,-3.4576,289.82,51,20,1620739411,4.63,ES
rognan,67.0953,15.3878,281.48,83,100,1620739411,0.95,NO
arraial do cabo,-22.9661,-42.0278,297.15,60,0,1620739411,2.57,BR
guerrero negro,27.9769,-114.0611,286.85,89,0,1620739412,3.63,MX
kingaroy,-26.5333,151.8333,292.15,94,90,1620739412,2.57,AU
ca mau,9.1769,105.15,302.09,71,33,1620739412,1.86,VN
elko,41.0002,-115.5012,274.82,55,1,1620739162,2.06,US
talnakh,69.4865,88.3972,274.77,98,100,1620739412,5.98,RU
gayny,60.3071,54.3241,290.41,29,66,1620739413,2.18,RU
yellowknife,62.456,-114.3525,272.15,74,90,1620739320,3.09,CA
cherskiy,68.75,161.3,263.01,97,51,1620739413,1.19,RU
yulara,-25.2406,130.9889,289.15,55,0,1620739413,3.6,AU
acapulco,16.8634,-99.8901,300.15,83,75,1620739285,2.06,MX
soderhamn,61.3037,17.0592,289.26,72,100,1620739414,1.79,SE
snyder,32.7179,-100.9176,285.15,100,90,1620739414,6.17,US
rongcheng,30.634,117.8517,292.99,97,100,1620739414,1.24,CN
norman wells,65.282,-126.8329,274.15,69,20,1620739414,5.14,CA
jarocin,51.9727,17.5026,302.15,30,0,1620739415,7.72,PL
mataura,-46.1927,168.8643,278.71,83,95,1620739415,1.79,NZ
tasiilaq,65.6145,-37.6368,271.15,86,75,1620739415,1.03,GL
sant feliu de guixols,41.7833,3.0333,289.26,87,75,1620739416,5.66,ES
rizhao,35.4275,119.4553,286.71,95,99,1620739416,3.36,CN
pangnirtung,66.1451,-65.7125,269.15,93,75,1620739416,5.14,CA
lengshuitan,26.4111,111.5956,296.48,93,99,1620739416,2.73,CN
pacifica,37.6138,-122.4869,284.15,93,90,1620739417,3.6,US
hualmay,-11.0964,-77.6139,291.6,80,14,1620739417,1.99,PE
carnarvon,-24.8667,113.6333,292.15,94,1,1620739417,2.57,AU
chokurdakh,70.6333,147.9167,266.66,96,100,1620739417,2.56,RU
deputatskiy,69.3,139.9,261.75,98,100,1620739418,0.88,RU
aswan,24.0934,32.907,313.56,9,5,1620739418,8.23,EG
majdanpek,44.4277,21.946,299.26,27,1,1620739418,5.99,RS
port blair,11.6667,92.75,302.47,73,78,1620739419,2.11,IN
florianopolis,-27.6146,-48.5012,295.37,78,40,1620739157,8.23,BR
jega,12.2175,4.3792,313.29,21,20,1620739419,0.72,NG
conde,-7.2597,-34.9075,303.15,66,40,1620739419,6.69,BR
east london,-33.0153,27.9116,293.15,68,0,1620739419,2.57,ZA
kasongo-lunda,-6.4667,16.8167,304.53,41,12,1620739420,1.49,CD
carauari,-4.8828,-66.8958,296.22,97,100,1620739420,0.7,BR
hafizabad,32.0679,73.6854,310.75,18,26,1620739420,2.07,PK
luanda,-8.8368,13.2343,303.15,79,20,1620739341,4.63,AO
qasigiannguit,68.8193,-51.1922,275.15,75,90,1620739481,3.09,GL
tiarei,-17.5333,-149.3333,299.82,73,75,1620739481,2.06,PF
monte alegre,-2.0078,-54.0692,299.7,79,100,1620739481,1.75,BR
langsa,4.4683,97.9683,298.8,93,100,1620739481,1.41,ID
sharlyk,52.9167,54.75,296.23,34,58,1620739482,4.48,RU
kudahuvadhoo,2.6708,72.8944,301.31,79,100,1620739275,8.96,MV
baykit,61.67,96.37,277.01,84,54,1620739482,0.99,RU
megion,61.0296,76.1136,291.15,20,0,1620739482,1.0,RU
languyan,5.2618,120.0807,300.12,83,94,1620739482,1.74,PH
bengkulu,-3.8004,102.2655,299.45,89,100,1620739483,1.21,ID
kalofer,42.6167,24.9833,296.15,30,20,1620739483,4.12,BG
mancio lima,-7.6142,-72.8958,298.45,71,33,1620739483,0.82,BR
kavieng,-2.5744,150.7967,300.36,73,93,1620739484,1.07,PG
kotma,23.2,81.9667,301.99,42,3,1620739484,2.92,IN
san felipe,10.3399,-68.7425,298.98,80,51,1620739484,1.57,VE
lubao,14.9167,120.55,303.15,74,75,1620739484,1.03,PH
waingapu,-9.6567,120.2641,297.55,81,82,1620739485,4.28,ID
wanaka,-44.7,169.15,277.99,95,100,1620739485,2.21,NZ
baiyin,36.5583,104.2081,292.15,30,0,1620739485,2.0,CN
caraballeda,10.6112,-66.8522,302.15,70,20,1620739485,1.03,VE
tromso,69.6496,18.957,278.15,75,75,1620739486,1.54,NO
hay river,60.8156,-115.7999,273.15,80,99,1620739356,2.57,CA
victoria,22.2855,114.1577,302.59,82,0,1620739475,4.96,HK
jalu,29.0331,21.5482,308.78,13,0,1620739486,2.23,LY
port macquarie,-31.4333,152.9167,288.15,99,98,1620739396,1.6,AU
mount gambier,-37.8333,140.7667,284.15,87,90,1620739486,4.12,AU
kuah,6.3265,99.8432,303.15,70,40,1620739487,2.06,MY
thompson,55.7435,-97.8558,280.15,49,20,1620739487,3.6,CA
aykhal,66.0,111.5,267.88,91,100,1620739487,3.1,RU
kodiak,57.79,-152.4072,277.15,87,90,1620739488,1.54,US
clyde river,70.4692,-68.5914,261.15,92,1,1620739374,1.03,CA
moyale,3.5167,39.0584,295.91,68,100,1620739488,2.59,KE
bar harbor,44.3876,-68.2039,284.82,87,90,1620739488,3.09,US
kushima,31.4583,131.2333,293.15,94,75,1620739488,4.12,JP
meulaboh,4.1363,96.1285,299.54,86,100,1620739489,0.67,ID
bilma,18.6853,12.9164,315.7,5,0,1620739489,2.62,NE
vikulovo,56.8167,70.6107,294.59,27,0,1620739489,2.6,RU
aquidauana,-20.4711,-55.7872,302.22,31,74,1620739489,1.45,BR
scicli,36.7902,14.7014,300.15,26,7,1620739490,5.66,IT
vanavara,60.34,102.2797,276.16,58,43,1620739490,2.72,RU
vao,-22.6667,167.4833,297.12,77,97,1620739490,8.74,NC
iquique,-20.2208,-70.1431,290.15,72,0,1620739490,1.54,CL
chuy,-33.6971,-53.4616,286.7,60,3,1620739491,4.61,UY
guymon,36.6828,-101.4816,281.15,76,90,1620739483,7.72,US
port hardy,50.6996,-127.4199,281.15,93,75,1620739200,2.06,CA
san carlos,9.6612,-68.5827,300.42,66,20,1620739491,1.78,VE
najran,17.4924,44.1277,310.15,16,20,1620739491,4.12,SA
salinopolis,-0.6136,-47.3561,302.02,69,44,1620739492,3.57,BR
constantine,36.365,6.6147,295.15,49,75,1620739492,5.14,DZ
alofi,-19.0595,-169.9187,298.15,83,75,1620739492,6.17,NU
grootfontein,-19.5667,18.1167,299.15,22,0,1620739492,3.6,NA
nenagh,52.8619,-8.1967,288.15,47,40,1620739493,8.75,IE
erenhot,43.6475,111.9767,286.58,15,3,1620739493,5.29,CN
mamallapuram,12.6264,80.1722,305.37,58,20,1620739553,5.14,IN
poya,-21.35,165.15,296.94,85,73,1620739554,2.7,NC
poso,-1.3959,120.7524,298.33,85,89,1620739554,2.24,ID
nouadhibou,20.931,-17.0347,306.15,24,0,1620739554,9.26,MR
gazanjyk,39.2446,55.5154,301.71,34,3,1620739554,2.89,TM
saint augustine,29.8947,-81.3145,299.26,83,1,1620739555,2.57,US
san policarpo,12.1791,125.5072,300.53,82,77,1620739555,3.99,PH
mufumbwe,-13.6833,24.8,299.97,25,4,1620739555,3.11,ZM
northam,51.0333,-4.2167,284.82,76,97,1620739555,2.68,GB
tandil,-37.3217,-59.1332,284.26,66,0,1620739409,2.24,AR
onega,63.9061,38.1404,291.55,58,100,1620739556,5.57,RU
vardo,70.3705,31.1107,276.15,87,75,1620739556,4.12,NO
sao filipe,14.8961,-24.4956,297.13,71,0,1620739556,4.36,CV
pisco,-13.7,-76.2167,291.15,88,90,1620739557,2.06,PE
urusha,54.05,122.9,280.51,92,100,1620739557,1.63,RU
rundu,-17.9333,19.7667,301.58,14,0,1620739557,3.64,NA
presidente dutra,-5.29,-44.49,301.1,63,3,1620739557,3.83,BR
geraldton,-28.7667,114.6,291.15,72,100,1620739558,3.09,AU
bugiri,0.5714,33.7417,297.38,72,19,1620739558,1.97,UG
fort saint james,54.4333,-124.25,276.06,70,82,1620739558,0.8,CA
toyo,10.7333,125.0167,298.77,93,84,1620739558,2.36,PH
zitose,41.4208,21.2906,301.15,40,20,1620739559,1.54,MK
fort-shevchenko,44.5086,50.263,292.19,49,37,1620739559,7.06,KZ
ribeira grande,38.5167,-28.7,292.15,72,20,1620739559,6.69,PT
yar-sale,66.8333,70.8333,274.15,99,100,1620739560,2.24,RU
mayo,38.8876,-76.5119,289.26,39,1,1620739560,2.06,US
rawson,-43.3002,-65.1023,283.18,35,12,1620739560,4.81,AR
castro,-24.7911,-50.0119,293.72,46,14,1620739560,1.61,BR
marand,38.4329,45.7749,298.15,25,20,1620739561,7.2,IR
jiayuguan,39.8167,98.3,296.01,11,1,1620739561,4.38,CN
smithers,54.7804,-127.1743,276.15,87,90,1620739561,1.03,CA
rocha,-34.4833,-54.3333,286.89,60,3,1620739562,5.64,UY
alyangula,-13.8483,136.4192,297.15,78,68,1620739562,1.03,AU
berezovka,53.7214,25.4993,292.62,46,91,1620739562,5.82,BY
gasa,31.5,34.4667,301.48,41,0,1620739562,0.89,PS
adre,13.4667,22.2,310.4,13,35,1620739563,4.66,TD
bosaso,11.2842,49.1816,304.15,84,40,1620739563,4.12,SO
kilindoni,-7.9139,39.6668,299.21,67,74,1620739563,5.88,TZ
sinop,41.7711,34.8709,289.15,33,0,1620739563,4.12,TR
senj,44.9894,14.9058,296.15,46,0,1620739564,3.09,HR
ahipara,-35.1667,173.1667,291.17,90,100,1620739564,3.99,NZ
gannan,47.9147,123.5031,291.65,33,100,1620739564,13.43,CN
santa fe,-31.6333,-60.7,287.04,52,94,1620739351,1.79,AR
codrington,-38.2667,141.9667,284.92,86,93,1620739564,4.05,AU
vila velha,-20.3297,-40.2925,298.15,57,20,1620739565,1.03,BR
yakovlevo,50.8603,36.4478,288.15,47,40,1620739565,10.0,RU
pacific grove,36.6177,-121.9166,283.15,93,90,1620739565,0.66,US
sao joao da barra,-21.6403,-41.0511,297.15,64,0,1620739566,2.06,BR
porto belo,-27.1578,-48.5531,295.37,83,20,1620739566,3.38,BR
los llanos de aridane,28.6585,-17.9182,297.15,57,40,1620739566,3.6,ES
lenina,46.0667,39.7833,282.04,74,100,1620739566,8.84,RU
sitka,57.0531,-135.33,281.15,87,90,1620739567,4.63,US
natal,-5.795,-35.2094,302.15,74,75,1620739567,6.69,BR
abu samrah,35.3029,37.1841,303.88,11,0,1620739567,4.76,SY
ponta delgada,37.7333,-25.6667,291.15,88,20,1620739568,7.72,PT
lagoa,39.05,-27.9833,289.34,69,8,1620739628,5.55,PT
alta floresta,-9.8756,-56.0861,302.15,70,0,1620739628,3.09,BR
hofn,64.2539,-15.2082,275.46,51,12,1620739628,2.43,IS
shizilu,35.1711,118.8289,286.61,95,90,1620739577,3.4,CN
dawson creek,55.7666,-120.2362,276.15,81,40,1620739431,1.54,CA
ewa beach,21.3156,-158.0072,297.15,78,1,1620739629,3.09,US
auki,-8.7676,160.7034,298.81,86,100,1620739629,1.26,SB
mangrol,21.1167,70.1167,302.8,69,5,1620739629,6.04,IN
elliot,-31.3333,27.85,294.75,23,0,1620739630,6.06,ZA
seoul,37.5683,126.9778,292.15,36,0,1620739172,2.57,KR
san luis,-33.295,-66.3356,286.8,53,52,1620739524,2.99,AR
sahibganj,25.25,87.65,305.71,41,25,1620739630,1.8,IN
dehui,44.5333,125.7,290.15,34,0,1620739630,4.0,CN
gamba,-2.65,10.0,302.01,71,100,1620739631,2.74,GA
pundaguitan,6.3711,126.1689,301.25,76,100,1620739631,4.36,PH
rio grande,-32.035,-52.0986,288.15,72,0,1620739631,4.12,BR
saint george,37.1041,-113.5841,289.26,20,1,1620739631,8.23,US
vallenar,-28.5708,-70.7581,293.82,34,0,1620739632,0.24,CL
te anau,-45.4167,167.7167,277.08,89,57,1620739632,2.14,NZ
nioro,13.35,-15.75,311.52,13,12,1620739632,2.49,GM
whitianga,-36.8333,175.7,290.93,99,100,1620739633,1.79,NZ
saint-pierre,-21.3393,55.4781,300.15,65,75,1620739633,2.57,RE
rurrenabaque,-14.4413,-67.5278,297.93,67,5,1620739633,0.91,BO
palana,59.1167,159.9667,271.39,87,62,1620739633,4.14,RU
karratha,-20.7377,116.8463,299.17,52,4,1620739634,1.45,AU
shimonoseki,33.95,130.95,294.26,82,75,1620739634,2.06,JP
cayenne,4.9333,-52.3333,302.04,78,75,1620739634,5.66,GF
cabo san lucas,22.8909,-109.9124,298.71,61,75,1620739634,5.14,MX
rizal,15.7118,121.1061,298.99,85,100,1620739621,2.2,PH
egvekinot,66.3167,-179.1667,269.04,93,100,1620739635,4.12,RU
puerto ayora,-0.7393,-90.3518,298.15,93,7,1620739635,3.13,EC
necochea,-38.5473,-58.7368,286.33,71,97,1620739635,6.2,AR
lac du bonnet,50.2536,-96.0612,280.93,91,13,1620739636,2.68,CA
la libertad,-2.2333,-80.9,296.15,83,75,1620739636,4.63,EC
porto velho,-8.7619,-63.9039,299.15,89,0,1620739405,2.57,BR
port shepstone,-30.7414,30.455,295.22,62,0,1620739636,3.04,ZA
killam,52.7834,-111.8518,278.15,87,99,1620739636,4.12,CA
dunedin,-45.8742,170.5036,279.82,88,100,1620739637,10.28,NZ
bukama,-9.2,25.85,303.84,33,7,1620739637,2.17,CD
college,64.8569,-147.8028,280.93,75,75,1620739637,1.53,US
sorland,67.667,12.6934,280.15,70,40,1620739637,4.63,NO
samana,19.2056,-69.3369,298.15,94,75,1620739638,3.5,DO
merauke,-8.4667,140.3333,298.99,88,100,1620739638,5.29,ID
nyurba,63.2842,118.3319,274.36,66,98,1620739638,2.36,RU
tigre,-34.426,-58.5796,284.26,62,0,1620739638,3.09,AR
komsomolskiy,40.4272,71.7189,298.15,38,47,1620739639,4.12,UZ
muana,-1.5283,-49.2167,302.55,68,13,1620739639,0.82,BR
cidreira,-30.1811,-50.2056,291.0,66,99,1620739639,5.32,BR
dawlatabad,36.4141,64.9053,302.43,25,39,1620739640,6.35,AF
riyadh,24.6877,46.7219,312.15,5,40,1620739428,3.09,SA
qianjiang,30.4151,112.8859,293.51,85,53,1620739640,2.19,CN
khani,41.9563,42.9566,291.15,48,0,1620739640,8.23,GE
axim,4.8699,-2.2405,303.39,61,3,1620739641,4.01,GH
saint-philippe,-21.3585,55.7679,300.15,65,75,1620739641,2.57,RE
san quintin,30.4833,-115.95,280.93,2,32,1620739641,1.34,MX
ketchikan,55.3422,-131.6461,280.15,93,90,1620739701,1.54,US
chicama,-7.8447,-79.1469,291.15,88,90,1620739702,4.12,PE
pilar,-9.5972,-35.9567,297.15,94,75,1620739702,4.63,BR
kahului,20.8947,-156.47,295.15,78,1,1620739702,6.69,US
mana,5.6592,-53.7767,300.56,79,18,1620739702,5.16,GF
antanifotsy,-19.65,47.3167,289.42,81,93,1620739703,2.23,MG
nanning,22.8167,108.3167,301.15,83,0,1620739703,3.0,CN
artyom,40.4723,50.333,289.15,55,0,1620739703,8.23,AZ
mezhdurechensk,53.6942,88.0603,286.17,53,100,1620739704,0.8,RU
hornepayne,49.2138,-84.7705,275.2,74,83,1620739704,4.4,CA
asau,46.4333,26.4,294.26,24,0,1620739704,3.32,RO
laguna,38.421,-121.4238,287.04,71,1,1620739704,1.42,US
myitkyina,25.3833,97.4,296.55,84,54,1620739705,1.67,MM
perisoru,44.45,27.55,297.04,2,0,1620739705,1.79,RO
baglung,28.2719,83.5898,291.38,90,100,1620739705,1.53,NP
sur,22.5667,59.5289,304.83,44,72,1620739706,4.12,OM
shimoda,34.6667,138.95,291.48,78,100,1620739706,4.88,JP
andrews,32.3187,-102.5457,286.15,100,90,1620739706,5.66,US
solikamsk,59.6196,56.7729,291.12,40,57,1620739706,3.14,RU
pokhvistnevo,53.6524,52.1274,297.21,38,72,1620739707,3.44,RU
wanning,18.8003,110.3967,300.38,85,60,1620739707,4.78,CN
muros,42.7762,-9.0603,289.82,57,100,1620739707,0.45,ES
huttwil,47.115,7.8621,284.26,92,100,1620739707,0.45,CH
vestmanna,62.1564,-7.1664,279.15,65,90,1620739708,7.72,FO
mehamn,71.0357,27.8492,279.15,61,0,1620739708,5.14,NO
kieta,-6.2167,155.6333,299.07,84,10,1620739708,1.33,PG
mnogovershinnyy,53.9353,139.9242,273.87,69,9,1620739708,1.72,RU
coihaique,-45.5752,-72.0662,272.15,93,90,1620739709,1.96,CL
vaxjo,56.8777,14.8091,298.15,53,0,1620739709,5.14,SE
gat,31.61,34.7642,301.48,42,0,1620739709,1.34,IL
muroto,33.2833,134.15,291.64,75,100,1620739710,3.81,JP
mogadishu,2.0371,45.3438,302.15,61,40,1620739710,7.72,SO
trenggalek,-8.05,111.7167,297.96,88,74,1620739710,1.39,ID
canoinhas,-26.1772,-50.39,293.09,58,19,1620739711,1.12,BR
aksay,47.26,39.87,283.15,87,40,1620739711,5.0,RU
portland,45.5234,-122.6762,281.48,81,46,1620739711,0.94,US
yarada,17.65,83.2667,297.15,94,90,1620739711,3.09,IN
susurluk,39.9136,28.1578,294.15,37,0,1620739712,7.2,TR
prince rupert,54.3161,-130.3201,281.15,93,90,1620739712,1.54,CA
mungwi,-10.1732,31.3694,296.51,39,5,1620739712,3.11,ZM
eureka,40.8021,-124.1637,284.82,88,28,1620739712,1.7,US
san miguel,13.4833,-88.1833,300.15,88,0,1620739713,0.68,SV
hamilton,39.1834,-84.5333,284.26,76,75,1620739056,3.6,US
cabedelo,-6.9811,-34.8339,303.15,66,40,1620739713,6.69,BR
richards bay,-28.783,32.0377,301.28,43,0,1620739713,3.17,ZA
poum,-20.2333,164.0167,298.72,80,76,1620739714,8.39,NC
banda aceh,5.5577,95.3222,301.16,78,100,1620739687,0.92,ID
mitsamiouli,-11.3847,43.2844,303.15,54,20,1620739714,10.29,KM
kathmandu,27.7167,85.3167,292.15,88,40,1620739416,1.03,NP
isangel,-19.55,169.2667,298.23,83,46,1620739714,6.97,VU
kristiinankaupunki,62.2743,21.376,283.67,79,100,1620739714,6.08,FI
yenagoa,4.9247,6.2642,303.02,71,96,1620739715,2.8,NG
venice,27.0998,-82.4543,300.93,89,1,1620739715,2.57,US
shatsk,54.0258,41.7119,288.8,74,100,1620739775,6.21,RU
sisimiut,66.9395,-53.6735,275.17,74,100,1620739775,3.64,GL
santa cruz,-17.8,-63.1667,291.9,68,100,1620739639,4.48,BO
vanimo,-2.6741,141.3028,299.3,86,100,1620739776,1.19,PG
chenzhou,25.8,113.0333,297.08,93,100,1620739776,0.65,CN
guayaramerin,-10.8368,-65.3614,298.15,94,40,1620739776,3.09,BO
lavrentiya,65.5833,-171.0,274.0,98,100,1620739777,3.35,RU
bethel,41.3712,-73.414,286.15,44,1,1620739777,4.12,US
padang,-0.9492,100.3543,301.15,89,75,1620739777,2.06,ID
anadyr,64.75,177.4833,270.15,93,40,1620739777,4.0,RU
merrill,45.1805,-89.6835,278.15,60,1,1620739778,3.09,US
casablanca,33.5928,-7.6192,296.15,52,20,1620739559,8.23,MA
saiha,22.4833,92.9667,295.12,88,100,1620739778,0.65,IN
marawi,7.9986,124.2928,299.26,90,100,1620739778,2.06,PH
deming,32.2687,-107.7586,286.15,28,1,1620739779,2.57,US
nowy dwor gdanski,54.2131,19.1177,298.15,38,0,1620739779,8.75,PL
broome,42.2506,-75.833,282.59,56,1,1620739779,4.63,US
klaksvik,62.2266,-6.589,279.15,65,90,1620739779,7.72,FO
ngaoundere,7.3167,13.5833,301.44,51,75,1620739780,0.28,CM
luderitz,-26.6481,15.1594,299.08,37,0,1620739780,3.98,NA
pandamatenga,-18.5278,25.627,299.37,21,0,1620739780,3.34,BW
georgetown,5.4112,100.3354,301.15,89,40,1620739780,0.72,MY
itumbiara,-18.4192,-49.2153,299.38,37,0,1620739781,4.75,BR
loa janan,-0.583,117.095,297.68,96,37,1620739781,0.36,ID
saldanha,-33.0117,17.9442,295.15,53,0,1620739781,7.2,ZA
shahreza,32.0339,51.8794,293.76,37,100,1620739782,4.38,IR
hervey bay,-25.2986,152.8535,295.93,100,57,1620739782,3.82,AU
obo,5.3998,26.4869,297.24,89,87,1620739782,1.82,CF
beloha,-25.1667,45.05,297.26,45,10,1620739782,5.37,MG
lana,46.6124,11.1559,288.15,94,75,1620739783,1.54,IT
mahibadhoo,3.7833,72.9667,301.96,77,100,1620739783,10.61,MV
nakamura,32.9833,132.9333,289.84,82,100,1620739783,1.82,JP
amarillo,35.222,-101.8313,281.15,93,90,1620739603,5.66,US
lynn haven,30.2455,-85.6483,297.59,94,1,1620739783,1.54,US
menongue,-14.6585,17.691,299.72,22,7,1620739784,3.27,AO
pangai,-19.8,-174.35,298.15,73,75,1620739784,11.83,TO
chapais,49.7834,-74.8492,282.15,46,40,1620739784,4.63,CA
agadir,30.4202,-9.5982,299.15,38,0,1620739668,5.66,MA
camacha,33.0833,-16.3333,293.15,56,20,1620739785,4.63,PT
kemijarvi,66.7131,27.4306,282.21,97,100,1620739785,5.71,FI
alexandria,31.2156,29.9553,297.15,60,20,1620739785,5.66,EG
mahon,39.8885,4.2658,293.15,52,20,1620739785,8.75,ES
bow island,49.8668,-111.3684,280.37,75,6,1620739786,3.6,CA
jiazi,22.8779,116.067,299.37,89,0,1620739786,5.08,CN
sawtell,-30.3833,153.1,290.15,94,95,1620739786,2.06,AU
bandarbeyla,9.4942,50.8122,303.24,67,100,1620739786,7.93,SO
nata,8.3333,-80.5167,301.15,74,20,1620739787,2.57,PA
san rafael del sur,11.8485,-86.4384,301.15,69,40,1620739578,6.32,NI
marsa matruh,31.3525,27.2453,295.15,60,0,1620739787,5.14,EG
san cristobal,7.7669,-72.225,298.15,73,75,1620739787,1.03,VE
anchorage,61.2181,-149.9003,279.26,75,75,1620739677,2.57,US
honghu,29.8206,113.4621,292.51,91,22,1620739788,1.94,CN
nelson bay,-32.7167,152.15,289.26,100,75,1620739788,3.09,AU
niono,14.2526,-5.993,313.33,19,98,1620739788,2.06,ML
seydi,39.4816,62.9137,304.73,8,0,1620739788,7.86,TM
sao jose da coroa grande,-8.8978,-35.1478,299.36,83,41,1620739849,7.05,BR
coahuayana,18.7333,-103.6833,296.15,78,75,1620739849,0.5,MX
porto santo,33.072,-16.3415,293.15,56,20,1620739849,4.63,PT
rehoboth,-23.3167,17.0833,298.79,15,0,1620739850,3.76,NA
yerbogachen,61.2767,108.0108,274.43,62,97,1620739850,3.67,RU
alice springs,-23.7,133.8833,287.15,62,0,1620739850,2.06,AU
dongsheng,39.8161,109.9776,293.76,23,100,1620739850,3.43,CN
west odessa,31.8424,-102.4988,287.59,88,90,1620739851,5.66,US
phalodi,27.1333,72.3667,308.01,23,61,1620739851,4.46,IN
burley,42.5357,-113.7928,274.15,86,1,1620739851,0.62,US
berlevag,70.8578,29.0864,279.15,61,0,1620739851,5.14,NO
nome,64.5011,-165.4064,275.15,80,40,1620739852,1.16,US
gunjur,13.2019,-16.7339,303.15,54,0,1620739852,5.14,GM
shirokiy,49.758,129.523,281.33,79,100,1620739852,7.38,RU
leningradskiy,69.3833,178.4167,265.05,97,95,1620739852,1.84,RU
idritsa,56.3316,28.8988,293.23,38,11,1620739853,3.63,RU
vila franca do campo,37.7167,-25.4333,291.15,88,20,1620739853,7.72,PT
nantucket,41.2835,-70.0995,287.15,47,1,1620739853,7.72,US
ust-tsilma,65.441,52.1498,280.88,83,100,1620739854,2.42,RU
athabasca,54.7169,-113.2854,277.15,100,68,1620739854,1.54,CA
yamada,39.4667,141.95,281.08,92,12,1620739854,1.46,JP
praia da vitoria,38.7333,-27.0667,293.15,60,20,1620739854,6.11,PT
vyazemskiy,47.5378,134.7525,278.9,79,9,1620739855,1.72,RU
passo fundo,-28.2628,-52.4067,287.82,83,100,1620739855,3.06,BR
felanitx,39.4696,3.1483,293.71,42,20,1620739855,9.26,ES
manaure,11.7751,-72.4445,303.14,58,46,1620739856,11.59,CO
mandera,3.9366,41.867,305.77,39,100,1620739856,6.08,KE
margate,51.3813,1.3862,291.15,48,20,1620739665,7.2,GB
ancud,-41.8697,-73.8203,278.71,100,90,1620739856,1.54,CL
kedrovyy,56.1667,91.8167,289.15,29,0,1620739856,2.0,RU
hit,33.6416,42.8251,308.55,14,53,1620739857,4.71,IQ
mahebourg,-20.4081,57.7,299.15,69,20,1620739857,3.6,MU
svetlyy,54.675,20.1347,299.15,36,0,1620739857,7.0,RU
zhigansk,66.7697,123.3711,271.29,77,8,1620739858,6.36,RU
katherine,-14.4667,132.2667,293.15,60,7,1620739858,2.93,AU
tezu,27.9167,96.1667,296.95,68,75,1620739858,1.86,IN
takoradi,4.8845,-1.7554,302.9,63,3,1620739858,3.96,GH
touros,-5.1989,-35.4608,302.15,70,40,1620739859,4.12,BR
phuket,8.0,98.25,304.82,83,20,1620739859,1.03,TH
voskresenskoye,56.8381,45.4317,293.14,63,33,1620739859,3.0,RU
tateyama,34.9833,139.8667,290.93,64,100,1620739859,4.41,JP
lagos,6.5833,3.75,307.15,55,75,1620739860,4.63,NG
ostrovnoy,68.0531,39.5131,277.57,97,100,1620739860,5.55,RU
hovd,48.0056,91.6419,284.67,26,83,1620739860,2.06,MN
ranong,9.9658,98.6348,300.15,94,20,1620739860,1.54,TH
saint anthony,45.0205,-93.218,281.48,65,1,1620739861,0.84,US
surt,31.2089,16.5887,298.7,48,0,1620739861,9.51,LY
warangal,18.0,79.5833,306.43,38,79,1620739861,1.83,IN
kirakira,-10.4544,161.9205,299.47,84,100,1620739862,2.72,SB
maraba,-5.3686,-49.1178,305.15,58,20,1620739862,2.06,BR
tautira,-17.7333,-149.15,299.82,73,75,1620739862,2.06,PF
brufut,13.3814,-16.7518,303.15,54,0,1620739862,5.14,GM
ganzhou,28.8184,115.4327,295.32,94,87,1620739863,1.96,CN
talaya,61.3833,152.75,268.91,95,90,1620739863,1.49,RU
bonfim,3.0833,-59.95,299.15,89,40,1620739863,6.17,BR
darab,28.7519,54.5444,305.62,12,41,1620739863,3.24,IR
tabory,58.5198,64.5495,293.55,34,97,1620739864,2.45,RU
san jose,37.3394,-121.895,285.93,71,1,1620739744,1.54,US
tiznit,29.5833,-9.5,297.66,29,0,1620739924,4.79,MA
keuruu,62.2667,24.7,297.15,35,0,1620739924,5.66,FI
salinas,36.6777,-121.6555,283.15,93,90,1620739736,0.85,US
itaituba,-4.2761,-55.9836,302.15,79,20,1620739925,1.54,BR
leshukonskoye,64.8989,45.7622,283.66,90,100,1620739925,2.98,RU
san mateo ixtatan,15.8319,-91.4781,288.15,88,0,1620739925,0.7,GT
potam,27.6,-110.3833,292.15,59,20,1620739926,1.03,MX
numan,9.4667,12.0333,312.01,28,39,1620739926,2.1,NG
sangar,63.9242,127.4739,274.55,89,100,1620739926,2.02,RU
suntar,62.1444,117.6319,274.39,70,100,1620739926,3.04,RU
zhucheng,35.9947,119.3975,288.63,85,100,1620739927,2.64,CN
biak,-0.9131,122.8766,298.37,78,74,1620739927,2.05,ID
el reno,35.5323,-97.955,284.26,81,90,1620739927,6.69,US
siena,43.2167,11.4,288.71,81,100,1620739927,6.67,IT
andenes,69.3143,16.1194,280.15,81,75,1620739928,9.77,NO
trimbak,19.9333,73.55,300.38,41,4,1620739928,4.69,IN
belmonte,-15.8631,-38.8828,299.15,57,40,1620739928,2.57,BR
anloga,5.7947,0.8973,305.15,62,20,1620739928,5.66,GH
miranda de ebro,42.6865,-2.947,287.59,51,40,1620739929,2.06,ES
bonavista,48.6499,-53.1147,280.15,70,100,1620739929,4.12,CA
troitsko-pechorsk,62.7084,56.1964,283.83,55,100,1620739929,2.29,RU
tura,25.5198,90.2201,292.1,93,100,1620739929,3.6,IN
slave lake,55.2834,-114.769,277.15,87,90,1620739807,2.06,CA
xichang,27.8964,102.2634,290.97,86,89,1620739930,1.52,CN
novo cruzeiro,-17.4681,-41.8753,295.05,46,2,1620739930,2.0,BR
jacaleapa,14.0167,-86.6667,294.15,83,75,1620739930,2.06,HN
kailua,21.4022,-157.7394,297.15,73,40,1620739931,5.14,US
gondanglegi,-7.7479,112.0132,298.71,80,68,1620739931,4.29,ID
zemio,5.0314,25.1361,298.97,77,89,1620739931,2.39,CF
curuca,-0.7289,-47.8481,302.15,73,54,1620739931,1.7,BR
ayan,56.45,138.1667,272.5,86,24,1620739932,1.77,RU
diego de almagro,-26.3667,-70.05,295.42,22,70,1620739932,1.2,CL
bagdarin,54.4333,113.6,276.93,54,19,1620739932,2.24,RU
gerede,40.8008,32.1969,285.67,40,0,1620739932,3.6,TR
vredendal,-31.6683,18.5012,301.67,24,0,1620739933,5.75,ZA
niagara falls,43.1001,-79.0663,281.48,57,40,1620739906,6.17,CA
klobuck,50.9008,18.9367,303.15,51,1,1620739933,5.24,PL
fairbanks,64.8378,-147.7164,281.48,75,75,1620739933,1.39,US
piripiri,-4.2733,-41.7769,302.56,59,16,1620739933,3.76,BR
hambantota,6.1241,81.1185,302.15,89,75,1620739934,2.57,LK
balabac,7.9868,117.0645,301.69,79,100,1620739934,4.83,PH
general roca,-39.0333,-67.5833,278.15,75,0,1620739934,1.54,AR
pangody,65.85,74.4859,274.24,97,100,1620739935,5.14,RU
okha,53.5739,142.9478,271.75,83,33,1620739935,2.61,RU
miramar,25.9873,-80.2323,303.15,69,1,1620739872,2.06,US
gyorszemere,47.5526,17.5636,301.15,30,0,1620739935,7.2,HU
itarema,-2.9248,-39.9167,302.26,70,18,1620739935,4.97,BR
boshnyakovo,49.6333,142.1667,274.39,74,100,1620739936,2.89,RU
les cayes,18.2,-73.75,302.35,63,24,1620739936,4.22,HT
constitucion,-35.3333,-72.4167,287.61,53,9,1620739936,1.29,CL
santa lucia,27.9117,-15.5407,296.15,56,40,1620739936,11.32,ES
grand island,40.925,-98.342,279.82,75,1,1620739720,3.6,US
ossipee,43.6854,-71.1167,288.15,57,8,1620739937,4.47,US
kiama,-34.6833,150.8667,287.59,92,20,1620739937,0.45,AU
svilengrad,41.7667,26.2,293.78,43,0,1620739937,2.16,BG
naze,28.3667,129.4833,294.94,92,100,1620739938,4.28,JP
gimli,50.6336,-96.9907,277.15,56,8,1620739938,3.6,CA
olga,43.7444,135.2892,276.7,96,24,1620739938,0.25,RU
shingu,33.7333,135.9833,289.73,78,100,1620739938,1.41,JP
maumere,-8.6199,122.2111,298.42,71,2,1620739999,2.0,ID
kalabo,-14.97,22.6814,301.39,20,4,1620739999,3.17,ZM
grindavik,63.8424,-22.4338,278.15,45,20,1620739999,4.63,IS
